{
  "info": {
    "name": "Mini LMS API",
    "_postman_id": "mini-lms-collection-001",
    "description": "Postman collection for Mini Leave Management System",
    "schema": "https://schema.getpostman.com/json/collection/v2.1.0/collection.json"
  },
  "item": [
    {
      "name": "Health",
      "request": {
        "method": "GET",
        "header": [],
        "url": {
          "raw": "{{baseUrl}}/health",
          "host": [
            "{{baseUrl}}"
          ],
          "path": [
            "health"
          ]
        }
      }
    }
  ],
  "variable": [
    {
      "key": "baseUrl",
      "value": "http://localhost:4000"
    },
    {
      "key": "token",
      "value": ""
    },
    {
      "key": "adminToken",
      "value": ""
    }
  ]
}